{"nodes":{"node:1":{"location":{"x":501,"y":188}}},"selection":null,"view":{"scroll":{"x":59.482177734375,"y":0},"visible_rect":{"max":{"x":1366.599853515625,"y":680.00006103515625},"min":{"x":41.40008544921875,"y":0}},"zoom":1.43676459789276123}}